Mass,Coupling,Number of Events
0.002,1e-08,2.105884394070655e-13
0.002,1.5848931924611143e-08,1.3287232187165027e-12
0.002,2.511886431509582e-08,8.383676637786341e-12
0.002,3.9810717055349776e-08,5.289742192901029e-11
0.002,6.309573444801943e-08,3.3376014400625656e-10
0.002,1.0000000000000021e-07,2.105883750430901e-09
0.002,1.5848931924611173e-07,1.3287221990900345e-08
0.002,2.5118864315095876e-07,8.38366047871735e-08
0.002,3.9810717055349856e-07,5.289716582396388e-07
0.002,6.309573444801956e-07,3.33756085081711e-06
0.002,1.0000000000000042e-06,2.105819421615491e-05
0.002,1.5848931924611206e-06,0.00013286202478985648
0.002,2.5118864315095924e-06,0.000838204478538851
0.002,3.981071705534994e-06,0.005287156375590129
0.002,6.309573444801969e-06,0.03333505164327865
0.002,1.0000000000000062e-05,0.2099399415506866
0.002,1.584893192461124e-05,1.3184762675794854
0.002,2.5118864315095974e-05,8.222499137795026
0.002,3.981071705535002e-05,50.39072114630503
0.002,6.309573444801982e-05,295.83824579182806
0.002,0.00010000000000000082,1568.2612524543706
0.002,0.00015848931924611272,6646.556583483314
0.002,0.0002511886431509603,18719.08578894287
0.002,0.000398107170553501,29564.36662324957
0.002,0.0006309573444801995,21211.56192572793
0.002,0.0010000000000000102,4432.0262237018505
0.002,0.0015848931924611303,83.76621265461029
0.002,0.002511886431509608,0.004456278081776004
0.002,0.0039810717055350185,7.939541494553242e-14
0.002,0.0063095734448020075,3.398046057252518e-41
0.002,0.010000000000000123,2.5277779179068995e-110
0.002,0.015848931924611336,1.8513534467721523e-284
0.002,0.02511886431509613,0.0
0.002,0.03981071705535026,0.0
0.002,0.0630957344480202,0.0
0.002,0.10000000000000143,0.0
0.002,0.15848931924611367,0.0
0.002,0.2511886431509618,0.0
0.002,0.3981071705535034,0.0
0.002,0.6309573444802034,0.0
0.0024,1e-08,3.712100857673655e-13
0.0024,1.5848931924611143e-08,2.3421772836950553e-12
0.0024,2.511886431509582e-08,1.477813934419795e-11
0.0024,3.9810717055349776e-08,9.324375161336478e-11
0.0024,6.309573444801943e-08,5.883282364406291e-10
0.0024,1.0000000000000021e-07,3.7120992250425628e-09
0.0024,1.5848931924611173e-07,2.3421746963431736e-08
0.0024,2.5118864315095876e-07,1.4778098335352602e-07
0.0024,3.9810717055349856e-07,9.324310168006654e-07
0.0024,6.309573444801956e-07,5.883179357638056e-06
0.0024,1.0000000000000042e-06,3.711935972969103e-05
0.0024,1.5848931924611206e-06,0.00023419159708226017
0.0024,2.5118864315095924e-06,0.0014773998269234647
0.0024,3.981071705534994e-06,0.009317813820570358
0.0024,6.309573444801969e-06,0.05872890578614333
0.0024,1.0000000000000062e-05,0.36956581162222585
0.0024,1.584893192461124e-05,2.3162312498477404
0.0024,2.5118864315095974e-05,14.371404786659411
0.0024,3.981071705535002e-05,86.97061249454926
0.0024,6.309573444801982e-05,495.30702688689723
0.0024,0.00010000000000000082,2450.9754666940503
0.0024,0.00015848931924611272,9093.881212102557
0.0024,0.0002511886431509603,21270.808963743184
0.0024,0.000398107170553501,27371.049339975292
0.0024,0.0006309573444801995,15895.851152541481
0.0024,0.0010000000000000102,2640.884401053275
0.0024,0.0015848931924611303,24.927736729283023
0.0024,0.002511886431509608,0.00017762722939931717
0.0024,0.0039810717055350185,1.5288286120802264e-17
0.0024,0.0063095734448020075,1.6762865167183302e-50
0.0024,0.010000000000000123,1.5809154757636751e-133
0.0024,0.015848931924611336,0.0
0.0024,0.02511886431509613,0.0
0.0024,0.03981071705535026,0.0
0.0024,0.0630957344480202,0.0
0.0024,0.10000000000000143,0.0
0.0024,0.15848931924611367,0.0
0.0024,0.2511886431509618,0.0
0.0024,0.3981071705535034,0.0
0.0024,0.6309573444802034,0.0
0.0028,1e-08,4.762777262951757e-13
0.0028,1.5848931924611143e-08,3.0051092694543165e-12
0.0028,2.511886431509582e-08,1.8960957217483556e-11
0.0028,3.9810717055349776e-08,1.1963554538890372e-10
0.0028,6.309573444801943e-08,7.548491531161616e-10
0.0028,1.0000000000000021e-07,4.762774473238855e-09
0.0028,1.5848931924611173e-07,3.0051048427514566e-08
0.0028,2.5118864315095876e-07,1.896088706135909e-07
0.0028,3.9810717055349856e-07,1.1963443348608972e-06
0.0028,6.309573444801956e-07,7.548315307721845e-06
0.0028,1.0000000000000042e-06,4.762495184542522e-05
0.0028,1.5848931924611206e-06,0.00030046622261591615
0.0028,2.5118864315095924e-06,0.0018953873103158623
0.0028,3.981071705534994e-06,0.011952331120831772
0.0028,6.309573444801969e-06,0.07530720105491973
0.0028,1.0000000000000062e-05,0.47346741558440075
0.0028,1.584893192461124e-05,2.9608279075792705
0.0028,2.5118864315095974e-05,18.269294015895447
0.0028,3.981071705535002e-05,109.06161218949825
0.0028,6.309573444801982e-05,601.2716058068871
0.0028,0.00010000000000000082,2770.435662643798
0.0028,0.00015848931924611272,9020.496459552172
0.0028,0.0002511886431509603,17522.668464762166
0.0028,0.000398107170553501,17417.056090388913
0.0028,0.0006309573444801995,6861.401211594603
0.0028,0.0010000000000000102,586.6094210234817
0.0028,0.0015848931924611303,1.2989708151181167
0.0028,0.002511886431509608,2.6219441646938646e-07
0.0028,0.0039810717055350185,3.62900749850979e-24
0.0028,0.0063095734448020075,1.1183099365869026e-66
0.0028,0.010000000000000123,5.918818097567086e-174
0.0028,0.015848931924611336,0.0
0.0028,0.02511886431509613,0.0
0.0028,0.03981071705535026,0.0
0.0028,0.0630957344480202,0.0
0.0028,0.10000000000000143,0.0
0.0028,0.15848931924611367,0.0
0.0028,0.2511886431509618,0.0
0.0028,0.3981071705535034,0.0
0.0028,0.6309573444802034,0.0
0.0033,1e-08,6.976376236070159e-13
0.0033,1.5848931924611143e-08,4.401795767207308e-12
0.0033,2.511886431509582e-08,2.777345277805361e-11
0.0033,3.9810717055349776e-08,1.752386257314081e-10
0.0033,6.309573444801943e-08,1.1056807514754568e-09
0.0033,1.0000000000000021e-07,6.976370295274922e-09
0.0033,1.5848931924611173e-07,4.4017863498507216e-08
0.0033,2.5118864315095876e-07,2.7773303515776326e-07
0.0033,3.9810717055349856e-07,1.752362601061527e-06
0.0033,6.309573444801956e-07,1.1056432593271767e-05
0.0033,1.0000000000000042e-06,6.975776104849303e-05
0.0033,1.5848931924611206e-06,0.0004400844701953301
0.0033,2.5118864315095924e-06,0.0027758382604641234
0.0033,3.981071705534994e-06,0.017499990701433103
0.0033,6.309573444801969e-06,0.11019023802767185
0.0033,1.0000000000000062e-05,0.6916688072132788
0.0033,1.584893192461124e-05,4.307988988317524
0.0033,2.5118864315095974e-05,26.31755338849131
0.0033,3.981071705535002e-05,153.32395289359056
0.0033,6.309573444801982e-05,798.5580675994648
0.0033,0.00010000000000000082,3268.931032260716
0.0033,0.00015848931924611272,8813.545246660537
0.0033,0.0002511886431509603,13779.432652041207
0.0033,0.000398107170553501,10963.602269412704
0.0033,0.0006309573444801995,3902.3933545526993
0.0033,0.0010000000000000102,298.72987108546516
0.0033,0.0015848931924611303,0.35930386862489844
0.0033,0.002511886431509608,1.06704472459072e-08
0.0033,0.0039810717055350185,1.0754265381164758e-27
0.0033,0.0063095734448020075,1.5490878622537726e-75
0.0033,0.010000000000000123,4.374565289870911e-196
0.0033,0.015848931924611336,0.0
0.0033,0.02511886431509613,0.0
0.0033,0.03981071705535026,0.0
0.0033,0.0630957344480202,0.0
0.0033,0.10000000000000143,0.0
0.0033,0.15848931924611367,0.0
0.0033,0.2511886431509618,0.0
0.0033,0.3981071705535034,0.0
0.0033,0.6309573444802034,0.0
0.004,1e-08,7.880155684132433e-13
0.004,1.5848931924611143e-08,4.972042015534958e-12
0.004,2.511886431509582e-08,3.1371462866232864e-11
0.004,3.9810717055349776e-08,1.979405267803755e-10
0.004,6.309573444801943e-08,1.2489199388500337e-09
0.004,1.0000000000000021e-07,7.88014649304417e-09
0.004,1.5848931924611173e-07,4.972027449216973e-08
0.004,2.5118864315095876e-07,3.137123200066225e-07
0.004,3.9810717055349856e-07,1.979368678334325e-06
0.004,6.309573444801956e-07,1.2488619495601384e-05
0.004,1.0000000000000042e-06,7.879227468866412e-05
0.004,1.5848931924611206e-06,0.0004970571070135018
0.004,2.5118864315095924e-06,0.003134815695441135
0.004,3.981071705534994e-06,0.01975714317052597
0.004,6.309573444801969e-06,0.12430812496092732
0.004,1.0000000000000062e-05,0.7788048034983943
0.004,1.584893192461124e-05,4.827784204286532
0.004,2.5118864315095974e-05,29.151507529431864
0.004,3.981071705535002e-05,165.19365286097633
0.004,6.309573444801982e-05,809.8277216907164
0.004,0.00010000000000000082,2979.7058470043817
0.004,0.00015848931924611272,7125.894026046596
0.004,0.0002511886431509603,10163.32139951082
0.004,0.000398107170553501,7836.132638334206
0.004,0.0006309573444801995,2498.89366526008
0.004,0.0010000000000000102,102.16141791596124
0.004,0.0015848931924611303,0.028512990764935357
0.004,0.002511886431509608,4.056699696845214e-11
0.004,0.0039810717055350185,1.8302140115583797e-33
0.004,0.0063095734448020075,4.582377342521867e-90
0.004,0.010000000000000123,9.093684490349592e-233
0.004,0.015848931924611336,0.0
0.004,0.02511886431509613,0.0
0.004,0.03981071705535026,0.0
0.004,0.0630957344480202,0.0
0.004,0.10000000000000143,0.0
0.004,0.15848931924611367,0.0
0.004,0.2511886431509618,0.0
0.004,0.3981071705535034,0.0
0.004,0.6309573444802034,0.0
0.0047,1e-08,1.311760265942337e-12
0.0047,1.5848931924611143e-08,8.2766475296849e-12
0.0047,2.511886431509582e-08,5.2222112146996056e-11
0.0047,3.9810717055349776e-08,3.294991994357738e-10
0.0047,6.309573444801943e-08,2.0789985651401865e-09
0.0047,1.0000000000000021e-07,1.3117580925078674e-08
0.0047,1.5848931924611173e-07,8.276613084844046e-08
0.0047,2.5118864315095876e-07,5.222156623214574e-07
0.0047,3.9810717055349856e-07,3.294905473477989e-06
0.0047,6.309573444801956e-07,2.0788614424578576e-05
0.0047,1.0000000000000042e-06,0.00013115407823435362
0.0047,1.5848931924611206e-06,0.0008273169533741311
0.0047,2.5118864315095924e-06,0.005216701282045532
0.0047,3.981071705534994e-06,0.032862685638919434
0.0047,6.309573444801969e-06,0.20652094757967576
0.0047,1.0000000000000062e-05,1.2900485691345152
0.0047,1.584893192461124e-05,7.938196997967047
0.0047,2.5118864315095974e-05,47.07322375461522
0.0047,3.981071705535002e-05,255.55978507824992
0.0047,6.309573444801982e-05,1141.9007422979146
0.0047,0.00010000000000000082,3570.6375404556798
0.0047,0.00015848931924611272,6891.804494373402
0.0047,0.0002511886431509603,7584.131916042696
0.0047,0.000398107170553501,4511.287528399632
0.0047,0.0006309573444801995,1070.6491444296175
0.0047,0.0010000000000000102,26.059335899606033
0.0047,0.0015848931924611303,0.0018157992510478653
0.0047,0.002511886431509608,5.525521631499487e-14
0.0047,0.0039810717055350185,2.8392176941133565e-40
0.0047,0.0063095734448020075,1.3489050443080643e-106
0.0047,0.010000000000000123,8.889224552876416e-274
0.0047,0.015848931924611336,0.0
0.0047,0.02511886431509613,0.0
0.0047,0.03981071705535026,0.0
0.0047,0.0630957344480202,0.0
0.0047,0.10000000000000143,0.0
0.0047,0.15848931924611367,0.0
0.0047,0.2511886431509618,0.0
0.0047,0.3981071705535034,0.0
0.0047,0.6309573444802034,0.0
0.0056,1e-08,1.5436758728569784e-12
0.0056,1.5848931924611143e-08,9.739935958514875e-12
0.0056,2.511886431509582e-08,6.145483594748051e-11
0.0056,3.9810717055349776e-08,3.8775371651105077e-10
0.0056,6.309573444801943e-08,2.4465592144392888e-09
0.0056,1.0000000000000021e-07,1.543672383876488e-08
0.0056,1.5848931924611173e-07,9.739880662448741e-08
0.0056,2.5118864315095876e-07,6.145395957306858e-07
0.0056,3.9810717055349856e-07,3.877398270977423e-06
0.0056,6.309573444801956e-07,2.4463390901996047e-05
0.0056,1.0000000000000042e-06,0.00015433235427532267
0.0056,1.5848931924611206e-06,0.0009734353188239087
0.0056,2.5118864315095924e-06,0.006136640613462369
0.0056,3.981071705534994e-06,0.03863542306366992
0.0056,6.309573444801969e-06,0.24244594376350545
0.0056,1.0000000000000062e-05,1.5089641719023832
0.0056,1.584893192461124e-05,9.202120963683758
0.0056,2.5118864315095974e-05,53.39217672201997
0.0056,3.981071705535002e-05,275.7533460120692
0.0056,6.309573444801982e-05,1115.4122115383625
0.0056,0.00010000000000000082,3005.663397179065
0.0056,0.00015848931924611272,4879.959582570732
0.0056,0.0002511886431509603,4434.0605582911685
0.0056,0.000398107170553501,2164.432811229805
0.0056,0.0006309573444801995,374.8156599620975
0.0056,0.0010000000000000102,4.290369064096025
0.0056,0.0015848931924611303,4.040580299138682e-05
0.0056,0.002511886431509608,8.053055452260666e-18
0.0056,0.0039810717055350185,9.620537313644511e-50
0.0056,0.0063095734448020075,3.2191888172856263e-130
0.0056,0.010000000000000123,0.0
0.0056,0.015848931924611336,0.0
0.0056,0.02511886431509613,0.0
0.0056,0.03981071705535026,0.0
0.0056,0.0630957344480202,0.0
0.0056,0.10000000000000143,0.0
0.0056,0.15848931924611367,0.0
0.0056,0.2511886431509618,0.0
0.0056,0.3981071705535034,0.0
0.0056,0.6309573444802034,0.0
0.0066,1e-08,1.987755925497433e-12
0.0066,1.5848931924611143e-08,1.2541891384679924e-11
0.0066,2.511886431509582e-08,7.913397505456767e-11
0.0066,3.9810717055349776e-08,4.993014726669809e-10
0.0066,6.309573444801943e-08,3.1503768576043477e-09
0.0066,1.0000000000000021e-07,1.987749524813908e-08
0.0066,1.5848931924611173e-07,1.2541789942922124e-07
0.0066,2.5118864315095876e-07,7.913236732222752e-07
0.0066,3.9810717055349856e-07,4.992759923581527e-06
0.0066,6.309573444801956e-07,3.149973043032939e-05
0.0066,1.0000000000000042e-06,0.0001987109605901802
0.0066,1.5848931924611206e-06,0.0012531651256260411
0.0066,2.5118864315095924e-06,0.007897181299783848
0.0066,3.981071705534994e-06,0.04967366618194471
0.0066,6.309573444801969e-06,0.3109936531765984
0.0066,1.0000000000000062e-05,1.9244769221531848
0.0066,1.584893192461124e-05,11.570530224796098
0.0066,2.5118864315095974e-05,64.88956638903501
0.0066,3.981071705535002e-05,310.7188700007412
0.0066,6.309573444801982e-05,1091.804775301973
0.0066,0.00010000000000000082,2433.968266710722
0.0066,0.00015848931924611272,3232.406693645921
0.0066,0.0002511886431509603,2546.1593333733067
0.0066,0.000398107170553501,1174.7932985293464
0.0066,0.0006309573444801995,149.98554647437336
0.0066,0.0010000000000000102,0.7511403421528826
0.0066,0.0015848931924611303,1.207470180792629e-06
0.0066,0.002511886431509608,2.7468283059295466e-21
0.0066,0.0039810717055350185,2.0009739798686766e-58
0.0066,0.0063095734448020075,3.1286984533641985e-152
0.0066,0.010000000000000123,0.0
0.0066,0.015848931924611336,0.0
0.0066,0.02511886431509613,0.0
0.0066,0.03981071705535026,0.0
0.0066,0.0630957344480202,0.0
0.0066,0.10000000000000143,0.0
0.0066,0.15848931924611367,0.0
0.0066,0.2511886431509618,0.0
0.0066,0.3981071705535034,0.0
0.0066,0.6309573444802034,0.0
0.0079,1e-08,2.9626531917802654e-12
0.0079,1.5848931924611143e-08,1.8693076612852203e-11
0.0079,2.511886431509582e-08,1.1794531931457522e-10
0.0079,3.9810717055349776e-08,7.441843300237641e-10
0.0079,6.309573444801943e-08,4.6954805412685025e-09
0.0079,1.0000000000000021e-07,2.9626397783228484e-08
0.0079,1.5848931924611173e-07,1.8692864023795907e-07
0.0079,2.5118864315095876e-07,1.1794195004203332e-06
0.0079,3.9810717055349856e-07,7.4413093223764045e-06
0.0079,6.309573444801956e-07,4.694634306331795e-05
0.0079,1.0000000000000042e-06,0.00029612988370030706
0.0079,1.5848931924611206e-06,0.0018671621510169254
0.0079,2.5118864315095924e-06,0.011760567545281285
0.0079,3.981071705534994e-06,0.07388170755825811
0.0079,6.309573444801969e-06,0.46110367659066975
0.0079,1.0000000000000062e-05,2.831229834287664
0.0079,1.584893192461124e-05,16.701930885284703
0.0079,2.5118864315095974e-05,89.61860057676252
0.0079,3.981071705535002e-05,391.70418263990615
0.0079,6.309573444801982e-05,1193.6662949303175
0.0079,0.00010000000000000082,2291.0765172751194
0.0079,0.00015848931924611272,2660.8477302568836
0.0079,0.0002511886431509603,1896.619313208361
0.0079,0.000398107170553501,699.7987136369941
0.0079,0.0006309573444801995,55.99673681077592
0.0079,0.0010000000000000102,0.1012275750857843
0.0079,0.0015848931924611303,1.3589465354658614e-08
0.0079,0.002511886431509608,3.599593704801997e-26
0.0079,0.0039810717055350185,1.191417682614333e-70
0.0079,0.0063095734448020075,1.5164022453531766e-182
0.0079,0.010000000000000123,0.0
0.0079,0.015848931924611336,0.0
0.0079,0.02511886431509613,0.0
0.0079,0.03981071705535026,0.0
0.0079,0.0630957344480202,0.0
0.0079,0.10000000000000143,0.0
0.0079,0.15848931924611367,0.0
0.0079,0.2511886431509618,0.0
0.0079,0.3981071705535034,0.0
0.0079,0.6309573444802034,0.0
0.0094,1e-08,3.859566789072644e-12
0.0094,1.5848931924611143e-08,2.435221772406524e-11
0.0094,2.511886431509582e-08,1.5365206827840336e-10
0.0094,3.9810717055349776e-08,9.694784075833255e-10
0.0094,6.309573444801943e-08,6.116985672149112e-09
0.0094,1.0000000000000021e-07,3.859541910312333e-08
0.0094,1.5848931924611173e-07,2.435182342386159e-07
0.0094,2.5118864315095876e-07,1.5364581914904402e-06
0.0094,3.9810717055349856e-07,9.693793697039024e-06
0.0094,6.309573444801956e-07,6.115416192521875e-05
0.0094,1.0000000000000042e-06,0.00038570551093535486
0.0094,1.5848931924611206e-06,0.0024312436406143108
0.0094,2.5118864315095924e-06,0.01530226150109905
0.0094,3.981071705534994e-06,0.09595433863822421
0.0094,6.309573444801969e-06,0.5961145453045891
0.0094,1.0000000000000062e-05,3.6188171461476424
0.0094,1.584893192461124e-05,20.769066116388526
0.0094,2.5118864315095974e-05,104.67248396296182
0.0094,3.981071705535002e-05,404.42010676874196
0.0094,6.309573444801982e-05,1030.0612902476555
0.0094,0.00010000000000000082,1635.3925063905422
0.0094,0.00015848931924611272,1675.396107344333
0.0094,0.0002511886431509603,1209.3439218595406
0.0094,0.000398107170553501,426.50140953573697
0.0094,0.0006309573444801995,22.556976705229335
0.0094,0.0010000000000000102,0.01148852160128948
0.0094,0.0015848931924611303,5.878616756388344e-11
0.0094,0.002511886431509608,8.162212692647481e-32
0.0094,0.0039810717055350185,1.64047517827736e-84
0.0094,0.0063095734448020075,2.4612312050214377e-217
0.0094,0.010000000000000123,0.0
0.0094,0.015848931924611336,0.0
0.0094,0.02511886431509613,0.0
0.0094,0.03981071705535026,0.0
0.0094,0.0630957344480202,0.0
0.0094,0.10000000000000143,0.0
0.0094,0.15848931924611367,0.0
0.0094,0.2511886431509618,0.0
0.0094,0.3981071705535034,0.0
0.0094,0.6309573444802034,0.0
0.0111,1e-08,5.583677499184342e-12
0.0111,1.5848931924611143e-08,3.5230618420332564e-11
0.0111,2.511886431509582e-08,2.222900975181607e-10
0.0111,3.9810717055349776e-08,1.4025544773983796e-09
0.0111,6.309573444801943e-08,8.849501166525938e-09
0.0111,1.0000000000000021e-07,5.58362713768081e-08
0.0111,1.5848931924611173e-07,3.5229820252069687e-07
0.0111,2.5118864315095876e-07,2.222774476996193e-06
0.0111,3.9810717055349856e-07,1.4023540030467384e-05
0.0111,6.309573444801956e-07,8.846324330509733e-05
0.0111,1.0000000000000042e-06,0.0005578594055652282
0.0111,1.5848931924611206e-06,0.003515012539955951
0.0111,2.5118864315095924e-06,0.02210173127444081
0.0111,3.981071705534994e-06,0.13824986397064032
0.0111,6.309573444801969e-06,0.8536199623750816
0.0111,1.0000000000000062e-05,5.104530697167505
0.0111,1.584893192461124e-05,28.26677033863344
0.0111,2.5118864315095974e-05,131.81083224007187
0.0111,3.981071705535002e-05,444.3504231199333
0.0111,6.309573444801982e-05,958.2266026358199
0.0111,0.00010000000000000082,1292.1557814883788
0.0111,0.00015848931924611272,1185.7721600144985
0.0111,0.0002511886431509603,757.309670378728
0.0111,0.000398107170553501,212.94231945890206
0.0111,0.0006309573444801995,7.21977536551033
0.0111,0.0010000000000000102,0.0009690173475575925
0.0111,0.0015848931924611303,1.4161081563742733e-13
0.0111,0.002511886431509608,3.117377482210136e-38
0.0111,0.0039810717055350185,2.0399170861552614e-100
0.0111,0.0063095734448020075,5.054476699471409e-257
0.0111,0.010000000000000123,0.0
0.0111,0.015848931924611336,0.0
0.0111,0.02511886431509613,0.0
0.0111,0.03981071705535026,0.0
0.0111,0.0630957344480202,0.0
0.0111,0.10000000000000143,0.0
0.0111,0.15848931924611367,0.0
0.0111,0.2511886431509618,0.0
0.0111,0.3981071705535034,0.0
0.0111,0.6309573444802034,0.0
0.0132,1e-08,8.224439450989685e-12
0.0132,1.5848931924611143e-08,5.189269425405976e-11
0.0132,2.511886431509582e-08,3.2742059916507075e-10
0.0132,3.9810717055349776e-08,2.0658816792405716e-09
0.0132,6.309573444801943e-08,1.3034790365594412e-08
0.0132,1.0000000000000021e-07,8.224330438604445e-08
0.0132,1.5848931924611173e-07,5.189096654721939e-07
0.0132,2.5118864315095876e-07,3.2739321777699735e-06
0.0132,3.9810717055349856e-07,2.0654477502238825e-05
0.0132,6.309573444801956e-07,0.00013027914516698953
0.0132,1.0000000000000042e-06,0.0008213438771646243
0.0132,1.5848931924611206e-06,0.005171857658747863
0.0132,2.5118864315095924e-06,0.03246701969001638
0.0132,3.981071705534994e-06,0.20226527542768793
0.0132,6.309573444801969e-06,1.2363744916423038
0.0132,1.0000000000000062e-05,7.213790214537345
0.0132,1.584893192461124e-05,37.71339637996034
0.0132,2.5118864315095974e-05,155.85212729314873
0.0132,3.981071705535002e-05,430.7537152355663
0.0132,6.309573444801982e-05,731.426095029134
0.0132,0.00010000000000000082,797.7787386523845
0.0132,0.00015848931924611272,723.5080534302391
0.0132,0.0002511886431509603,487.185882149299
0.0132,0.000398107170553501,119.14527122957158
0.0132,0.0006309573444801995,2.0051745513603016
0.0132,0.0010000000000000102,4.351630582933858e-05
0.0132,0.0015848931924611303,7.623049753822954e-17
0.0132,0.002511886431509608,2.415987029312915e-46
0.0132,0.0039810717055350185,1.285597310088346e-120
0.0132,0.0063095734448020075,1.5949748896550832e-307
0.0132,0.010000000000000123,0.0
0.0132,0.015848931924611336,0.0
0.0132,0.02511886431509613,0.0
0.0132,0.03981071705535026,0.0
0.0132,0.0630957344480202,0.0
0.0132,0.10000000000000143,0.0
0.0132,0.15848931924611367,0.0
0.0132,0.2511886431509618,0.0
0.0132,0.3981071705535034,0.0
0.0132,0.6309573444802034,0.0
0.0157,1e-08,9.947835116849715e-12
0.0157,1.5848931924611143e-08,6.276657848500348e-11
0.0157,2.511886431509582e-08,3.9603005469176734e-10
0.0157,3.9810717055349776e-08,2.498776244848931e-09
0.0157,6.309573444801943e-08,1.5766141369558376e-08
0.0157,1.0000000000000021e-07,9.947650371917193e-08
0.0157,1.5848931924611173e-07,6.276365053052671e-07
0.0157,2.5118864315095876e-07,3.959836519611973e-06
0.0157,3.9810717055349856e-07,2.4980408994980188e-05
0.0157,6.309573444801956e-07,0.00015754490448006587
0.0157,1.0000000000000042e-06,0.0009929198895001852
0.0157,1.5848931924611206e-06,0.006247177010448011
0.0157,2.5118864315095924e-06,0.039137967032145185
0.0157,3.981071705534994e-06,0.24259376867609767
0.0157,6.309573444801969e-06,1.4645069435357132
0.0157,1.0000000000000062e-05,8.293415470374944
0.0157,1.584893192461124e-05,40.57318790241109
0.0157,2.5118864315095974e-05,148.43440587977466
0.0157,3.981071705535002e-05,353.54957727429303
0.0157,6.309573444801982e-05,538.2321864259646
0.0157,0.00010000000000000082,599.4896019870871
0.0157,0.00015848931924611272,566.8661190080818
0.0157,0.0002511886431509603,328.64765631198975
0.0157,0.000398107170553501,52.243857354322735
0.0157,0.0006309573444801995,0.34032329181439
0.0157,0.0010000000000000102,8.790465975149489e-07
0.0157,0.0015848931924611303,9.331709163761748e-21
0.0157,0.002511886431509608,1.2079369211190026e-55
0.0157,0.0039810717055350185,2.3376548887322282e-143
0.0157,0.0063095734448020075,0.0
0.0157,0.010000000000000123,0.0
0.0157,0.015848931924611336,0.0
0.0157,0.02511886431509613,0.0
0.0157,0.03981071705535026,0.0
0.0157,0.0630957344480202,0.0
0.0157,0.10000000000000143,0.0
0.0157,0.15848931924611367,0.0
0.0157,0.2511886431509618,0.0
0.0157,0.3981071705535034,0.0
0.0157,0.6309573444802034,0.0
0.0186,1e-08,1.3929065203428346e-11
0.0186,1.5848931924611143e-08,8.788642568125788e-11
0.0186,2.511886431509582e-08,5.545253150137389e-10
0.0186,3.9810717055349776e-08,3.498809602085885e-09
0.0186,6.309573444801943e-08,2.2075859853814475e-08
0.0186,1.0000000000000021e-07,1.3928709892777163e-07
0.0186,1.5848931924611173e-07,8.788079453413551e-07
0.0186,2.5118864315095876e-07,5.544360732183698e-06
0.0186,3.9810717055349856e-07,3.497395448744061e-05
0.0186,6.309573444801956e-07,0.0002205345633701175
0.0186,1.0000000000000042e-06,0.0013893239706334365
0.0186,1.5848931924611206e-06,0.008732009856114257
0.0186,2.5118864315095924e-06,0.05456076902703869
0.0186,3.981071705534994e-06,0.335974502449197
0.0186,6.309573444801969e-06,1.995828383887434
0.0186,1.0000000000000062e-05,10.881226971558704
0.0186,1.584893192461124e-05,49.084885978913654
0.0186,2.5118864315095974e-05,156.49893754677578
0.0186,3.981071705535002e-05,316.4311123304132
0.0186,6.309573444801982e-05,411.76631654157853
0.0186,0.00010000000000000082,427.7997074584883
0.0186,0.00015848931924611272,388.89509038739527
0.0186,0.0002511886431509603,205.2592230980323
0.0186,0.000398107170553501,23.764038024519667
0.0186,0.0006309573444801995,0.0666972234822209
0.0186,0.0010000000000000102,1.9733322765052085e-08
0.0186,0.0015848931924611303,6.033584100658445e-25
0.0186,0.002511886431509608,1.6847157272825752e-66
0.0186,0.0039810717055350185,7.7853017292509175e-171
0.0186,0.0063095734448020075,0.0
0.0186,0.010000000000000123,0.0
0.0186,0.015848931924611336,0.0
0.0186,0.02511886431509613,0.0
0.0186,0.03981071705535026,0.0
0.0186,0.0630957344480202,0.0
0.0186,0.10000000000000143,0.0
0.0186,0.15848931924611367,0.0
0.0186,0.2511886431509618,0.0
0.0186,0.3981071705535034,0.0
0.0186,0.6309573444802034,0.0
0.0221,1e-08,1.957728577762384e-11
0.0221,1.5848931924611143e-08,1.2352425329479122e-10
0.0221,2.511886431509582e-08,7.793842521285815e-10
0.0221,3.9810717055349776e-08,4.917564806201669e-09
0.0221,6.309573444801943e-08,3.1027460952059684e-08
0.0221,1.0000000000000021e-07,1.957656795754891e-07
0.0221,1.5848931924611173e-07,1.2351287704038147e-06
0.0221,2.5118864315095876e-07,7.792039676242253e-06
0.0221,3.9810717055349856e-07,4.914708165092214e-05
0.0221,6.309573444801956e-07,0.0003098221312541878
0.0221,1.0000000000000042e-06,0.0019504961838370017
0.0221,1.5848931924611206e-06,0.01223822331784739
0.0221,2.5118864315095924e-06,0.07614514243598393
0.0221,3.981071705534994e-06,0.46398289052219305
0.0221,6.309573444801969e-06,2.6867877700758944
0.0221,1.0000000000000062e-05,13.811886674762407
0.0221,1.584893192461124e-05,55.34039097589326
0.0221,2.5118864315095974e-05,147.6170643635036
0.0221,3.981071705535002e-05,246.60839391215418
0.0221,6.309573444801982e-05,283.53139828264165
0.0221,0.00010000000000000082,306.81735945459684
0.0221,0.00015848931924611272,281.7776829779966
0.0221,0.0002511886431509603,128.54870929509775
0.0221,0.000398107170553501,10.054422717928901
0.0221,0.0006309573444801995,0.009693854539548317
0.0221,0.0010000000000000102,1.6059743982958134e-10
0.0221,0.0015848931924611303,3.7174718014372624e-30
0.0221,0.002511886431509608,2.4975929369250056e-79
0.0221,0.0039810717055350185,1.3908975846429133e-202
0.0221,0.0063095734448020075,0.0
0.0221,0.010000000000000123,0.0
0.0221,0.015848931924611336,0.0
0.0221,0.02511886431509613,0.0
0.0221,0.03981071705535026,0.0
0.0221,0.0630957344480202,0.0
0.0221,0.10000000000000143,0.0
0.0221,0.15848931924611367,0.0
0.0221,0.2511886431509618,0.0
0.0221,0.3981071705535034,0.0
0.0221,0.6309573444802034,0.0
0.0262,1e-08,2.9284118453373506e-11
0.0262,1.5848931924611143e-08,1.8477014674371164e-10
0.0262,2.511886431509582e-08,1.1658184433952814e-09
0.0262,3.9810717055349776e-08,7.355779563537901e-09
0.0262,6.309573444801943e-08,4.641123662234711e-08
0.0262,1.0000000000000021e-07,2.9282567982227963e-07
0.0262,1.5848931924611173e-07,1.8474557475041082e-06
0.0262,2.5118864315095876e-07,1.1654290560214266e-05
0.0262,3.9810717055349856e-07,7.349610277881689e-05
0.0262,6.309573444801956e-07,0.0004631354309532084
0.0262,1.0000000000000042e-06,0.002912806408791188
0.0262,1.5848931924611206e-06,0.018230991130693073
0.0262,2.5118864315095924e-06,0.11273387751966805
0.0262,3.981071705534994e-06,0.6765595308189642
0.0262,6.309573444801969e-06,3.7774229254016634
0.0262,1.0000000000000062e-05,17.90167368589977
0.0262,1.584893192461124e-05,61.64537304040156
0.0262,2.5118864315095974e-05,134.4017872820606
0.0262,3.981071705535002e-05,183.33664225900776
0.0262,6.309573444801982e-05,196.47527695574075
0.0262,0.00010000000000000082,220.85926824894813
0.0262,0.00015848931924611272,184.78003637991753
0.0262,0.0002511886431509603,61.390399952584644
0.0262,0.000398107170553501,2.352946880932873
0.0262,0.0006309573444801995,0.0005079934365432107
0.0262,0.0010000000000000102,3.2972289308605264e-13
0.0262,0.0015848931924611303,2.747927526073999e-36
0.0262,0.002511886431509608,1.830825673545641e-94
0.0262,0.0039810717055350185,9.978821504640785e-241
0.0262,0.0063095734448020075,0.0
0.0262,0.010000000000000123,0.0
0.0262,0.015848931924611336,0.0
0.0262,0.02511886431509613,0.0
0.0262,0.03981071705535026,0.0
0.0262,0.0630957344480202,0.0
0.0262,0.10000000000000143,0.0
0.0262,0.15848931924611367,0.0
0.0262,0.2511886431509618,0.0
0.0262,0.3981071705535034,0.0
0.0262,0.6309573444802034,0.0
0.0312,1e-08,6.00810294863523e-11
0.0312,1.5848931924611143e-08,3.790851927978604e-10
0.0312,2.511886431509582e-08,2.391858331463838e-09
0.0312,3.9810717055349776e-08,1.5091486401676214e-08
0.0312,6.309573444801943e-08,9.521894935140837e-08
0.0312,1.0000000000000021e-07,6.00760961651804e-07
0.0312,1.5848931924611173e-07,3.7900701129515203e-06
0.0312,2.5118864315095876e-07,2.3906194916321366e-05
0.0312,3.9810717055349856e-07,0.00015071862199336202
0.0312,6.309573444801956e-07,0.0009490832767600167
0.0312,1.0000000000000042e-06,0.005958538477936523
0.0312,1.5848931924611206e-06,0.037129254453048884
0.0312,2.5118864315095924e-06,0.22707993990902678
0.0312,3.981071705534994e-06,1.326512118966855
0.0312,6.309573444801969e-06,6.949553479571244
0.0312,1.0000000000000062e-05,28.748251508078237
0.0312,1.584893192461124e-05,78.72395183452558
0.0312,2.5118864315095974e-05,129.81653984982196
0.0312,3.981071705535002e-05,136.14884272626722
0.0312,6.309573444801982e-05,143.76208733535498
0.0312,0.00010000000000000082,169.50320287691136
0.0312,0.00015848931924611272,136.71817272706306
0.0312,0.0002511886431509603,37.46320824819434
0.0312,0.000398107170553501,0.7920531286001128
0.0312,0.0006309573444801995,3.718090574833762e-05
0.0312,0.0010000000000000102,4.877681989968566e-16
0.0312,0.0015848931924611303,1.6642989881162622e-43
0.0312,0.002511886431509608,1.0644121540646534e-112
0.0312,0.0039810717055350185,1.2789535111768927e-286
0.0312,0.0063095734448020075,0.0
0.0312,0.010000000000000123,0.0
0.0312,0.015848931924611336,0.0
0.0312,0.02511886431509613,0.0
0.0312,0.03981071705535026,0.0
0.0312,0.0630957344480202,0.0
0.0312,0.10000000000000143,0.0
0.0312,0.15848931924611367,0.0
0.0312,0.2511886431509618,0.0
0.0312,0.3981071705535034,0.0
0.0312,0.6309573444802034,0.0
0.037,1e-08,5.617372063919107e-11
0.037,1.5848931924611143e-08,3.5443172520860023e-10
0.037,2.511886431509582e-08,2.236305222229631e-09
0.037,3.9810717055349776e-08,1.4110008754514349e-08
0.037,6.309573444801943e-08,8.902618256444701e-08
0.037,1.0000000000000021e-07,5.616862704358276e-07
0.037,1.5848931924611173e-07,3.543510043223807e-06
0.037,2.5118864315095876e-07,2.2350261675345978e-05
0.037,3.9810717055349856e-07,0.00014089748448477865
0.037,6.309573444801956e-07,0.0008870552932489596
0.037,1.0000000000000042e-06,0.005566221456812741
0.037,1.5848931924611206e-06,0.03463954520922512
0.037,2.5118864315095924e-06,0.2111682662803108
0.037,3.981071705534994e-06,1.2237947776350806
0.037,6.309573444801969e-06,6.29185065740712
0.037,1.0000000000000062e-05,24.995443036508515
0.037,1.584893192461124e-05,63.87796798108983
0.037,2.5118864315095974e-05,96.19505949006094
0.037,3.981071705535002e-05,93.86186246636026
0.037,6.309573444801982e-05,105.13267091913063
0.037,0.00010000000000000082,123.97312732668416
0.037,0.00015848931924611272,86.63295440693395
0.037,0.0002511886431509603,16.69721805574104
0.037,0.000398107170553501,0.15829799878913547
0.037,0.0006309573444801995,1.0800705977193019e-06
0.037,0.0010000000000000102,1.0250270118963672e-19
0.037,0.0015848931924611303,1.6588941294312414e-52
0.037,0.002511886431509608,8.62966478707362e-135
0.037,0.0039810717055350185,0.0
0.037,0.0063095734448020075,0.0
0.037,0.010000000000000123,0.0
0.037,0.015848931924611336,0.0
0.037,0.02511886431509613,0.0
0.037,0.03981071705535026,0.0
0.037,0.0630957344480202,0.0
0.037,0.10000000000000143,0.0
0.037,0.15848931924611367,0.0
0.037,0.2511886431509618,0.0
0.037,0.3981071705535034,0.0
0.037,0.6309573444802034,0.0
0.0439,1e-08,3.46959208293725e-11
0.0439,1.5848931924611143e-08,2.1891616011457104e-10
0.0439,2.511886431509582e-08,1.3812628264273807e-09
0.0439,3.9810717055349776e-08,8.715103745087983e-09
0.0439,6.309573444801943e-08,5.498739051091885e-08
0.0439,1.0000000000000021e-07,3.4692801429832876e-07
0.0439,1.5848931924611173e-07,2.1886672531955554e-06
0.0439,2.5118864315095876e-07,1.3804795110965455e-05
0.0439,3.9810717055349856e-07,8.702695931645923e-05
0.0439,6.309573444801956e-07,0.0005479101412565593
0.0439,1.0000000000000042e-06,0.0034382653423375314
0.0439,1.5848931924611206e-06,0.021399410767351162
0.0439,2.5118864315095924e-06,0.13049222509688174
0.0439,3.981071705534994e-06,0.7567896775585404
0.0439,6.309573444801969e-06,3.8974704651055774
0.0439,1.0000000000000062e-05,15.540584485474117
0.0439,1.584893192461124e-05,39.98870917611887
0.0439,2.5118864315095974e-05,61.23372799353924
0.0439,3.981071705535002e-05,63.75497304504822
0.0439,6.309573444801982e-05,79.58248675129363
0.0439,0.00010000000000000082,95.18826030353725
0.0439,0.00015848931924611272,59.4981839297994
0.0439,0.0002511886431509603,8.341973149471912
0.0439,0.000398107170553501,0.0341853551140441
0.0439,0.0006309573444801995,2.2569733049173605e-08
0.0439,0.0010000000000000102,6.130669125457777e-24
0.0439,0.0015848931924611303,7.73089768712977e-63
0.0439,0.002511886431509608,2.0715509272962308e-160
0.0439,0.0039810717055350185,0.0
0.0439,0.0063095734448020075,0.0
0.0439,0.010000000000000123,0.0
0.0439,0.015848931924611336,0.0
0.0439,0.02511886431509613,0.0
0.0439,0.03981071705535026,0.0
0.0439,0.0630957344480202,0.0
0.0439,0.10000000000000143,0.0
0.0439,0.15848931924611367,0.0
0.0439,0.2511886431509618,0.0
0.0439,0.3981071705535034,0.0
0.0439,0.6309573444802034,0.0
0.0521,1e-08,2.1387035796856805e-11
0.0521,1.5848931924611143e-08,1.349428884795832e-10
0.0521,2.511886431509582e-08,8.514291392615217e-10
0.0521,3.9810717055349776e-08,5.372108306402207e-09
0.0521,6.309573444801943e-08,3.389497684052862e-08
0.0521,1.0000000000000021e-07,2.1385119624202614e-07
0.0521,1.5848931924611173e-07,1.3491252186325542e-06
0.0521,2.5118864315095876e-07,8.509479672428221e-06
0.0521,3.9810717055349856e-07,5.3644864778347595e-05
0.0521,6.309573444801956e-07,0.0003377434730837237
0.0521,1.0000000000000042e-06,0.0021194602275543296
0.0521,1.5848931924611206e-06,0.013191935629061034
0.0521,2.5118864315095924e-06,0.08045336810454178
0.0521,3.981071705534994e-06,0.4667360392741869
0.0521,6.309573444801969e-06,2.405728973695953
0.0521,1.0000000000000062e-05,9.616734662661473
0.0521,1.584893192461124e-05,24.96998889194995
0.0521,2.5118864315095974e-05,39.67133646515589
0.0521,3.981071705535002e-05,46.71535919938708
0.0521,6.309573444801982e-05,64.80332709232219
0.0521,0.00010000000000000082,73.08143412472631
0.0521,0.00015848931924611272,37.05243434686446
0.0521,0.0002511886431509603,3.2143422939810913
0.0521,0.000398107170553501,0.004492912607508418
0.0521,0.0006309573444801995,2.3849328352094784e-10
0.0521,0.0010000000000000102,1.0983867912319127e-28
0.0521,0.0015848931924611303,9.599136594904524e-75
0.0521,0.002511886431509608,1.9741733826941565e-190
0.0521,0.0039810717055350185,0.0
0.0521,0.0063095734448020075,0.0
0.0521,0.010000000000000123,0.0
0.0521,0.015848931924611336,0.0
0.0521,0.02511886431509613,0.0
0.0521,0.03981071705535026,0.0
0.0521,0.0630957344480202,0.0
0.0521,0.10000000000000143,0.0
0.0521,0.15848931924611367,0.0
0.0521,0.2511886431509618,0.0
0.0521,0.3981071705535034,0.0
0.0521,0.6309573444802034,0.0
0.0619,1e-08,1.2722302500994578e-11
0.0619,1.5848931924611143e-08,8.02721936043257e-11
0.0619,2.511886431509582e-08,5.06481582901466e-10
0.0619,3.9810717055349776e-08,3.195655514007777e-09
0.0619,6.309573444801943e-08,2.016279158405765e-08
0.0619,1.0000000000000021e-07,1.2721177450609643e-07
0.0619,1.5848931924611173e-07,8.025436431437314e-07
0.0619,2.5118864315095876e-07,5.06199069670647e-06
0.0619,3.9810717055349856e-07,3.191180446741621e-05
0.0619,6.309573444801956e-07,0.00020091964565017715
0.0619,1.0000000000000042e-06,0.00126093129720066
0.0619,1.5848931924611206e-06,0.00784967674165066
0.0619,2.5118864315095924e-06,0.04789396453881294
0.0619,3.981071705534994e-06,0.2781578626481064
0.0619,6.309573444801969e-06,1.4377018437681934
0.0619,1.0000000000000062e-05,5.786498489153286
0.0619,1.584893192461124e-05,15.287230958728642
0.0619,2.5118864315095974e-05,25.53717946112729
0.0619,3.981071705535002e-05,33.663681391913784
0.0619,6.309573444801982e-05,48.23172514086587
0.0619,0.00010000000000000082,48.49457275330409
0.0619,0.00015848931924611272,18.65569010055827
0.0619,0.0002511886431509603,0.8727556951289311
0.0619,0.000398107170553501,0.0003013944827939104
0.0619,0.0006309573444801995,5.970177990314957e-13
0.0619,0.0010000000000000102,8.262720289653823e-35
0.0619,0.0015848931924611303,1.0819341575833197e-89
0.0619,0.002511886431509608,1.8519089447119781e-227
0.0619,0.0039810717055350185,0.0
0.0619,0.0063095734448020075,0.0
0.0619,0.010000000000000123,0.0
0.0619,0.015848931924611336,0.0
0.0619,0.02511886431509613,0.0
0.0619,0.03981071705535026,0.0
0.0619,0.0630957344480202,0.0
0.0619,0.10000000000000143,0.0
0.0619,0.15848931924611367,0.0
0.0619,0.2511886431509618,0.0
0.0619,0.3981071705535034,0.0
0.0619,0.6309573444802034,0.0
0.0735,1e-08,7.469182266673333e-12
0.0735,1.5848931924611143e-08,4.712729131072294e-11
0.0735,2.511886431509582e-08,2.9735211089031357e-10
0.0735,3.9810717055349776e-08,1.8761492148152665e-09
0.0735,6.309573444801943e-08,1.1837451366026908e-08
0.0735,1.0000000000000021e-07,7.468530836208319e-08
0.0735,1.5848931924611173e-07,4.7116967729149294e-07
0.0735,2.5118864315095876e-07,2.9718852879238406e-06
0.0735,3.9810717055349856e-07,1.873558031465749e-05
0.0735,6.309573444801956e-07,0.00011796440254232697
0.0735,1.0000000000000042e-06,0.000740375622438016
0.0735,1.5848931924611206e-06,0.004609918050409932
0.0735,2.5118864315095924e-06,0.028140090536983145
0.0735,3.981071705534994e-06,0.16362489834858393
0.0735,6.309573444801969e-06,0.8482680379761556
0.0735,1.0000000000000062e-05,3.4407907141864067
0.0735,1.584893192461124e-05,9.280477859712823
0.0735,2.5118864315095974e-05,16.37754620822924
0.0735,3.981071705535002e-05,23.439597130998774
0.0735,6.309573444801982e-05,32.24148482254797
0.0735,0.00010000000000000082,26.824238888311587
0.0735,0.00015848931924611272,6.661026070756537
0.0735,0.0002511886431509603,0.11313685866583985
0.0735,0.000398107170553501,3.515214713708052e-06
0.0735,0.0006309573444801995,2.2620631254464224e-17
0.0735,0.0010000000000000102,2.862815680802865e-45
0.0735,0.0015848931924611303,3.2005971247085703e-115
0.0735,0.002511886431509608,7.169259906978124e-291
0.0735,0.0039810717055350185,0.0
0.0735,0.0063095734448020075,0.0
0.0735,0.010000000000000123,0.0
0.0735,0.015848931924611336,0.0
0.0735,0.02511886431509613,0.0
0.0735,0.03981071705535026,0.0
0.0735,0.0630957344480202,0.0
0.0735,0.10000000000000143,0.0
0.0735,0.15848931924611367,0.0
0.0735,0.2511886431509618,0.0
0.0735,0.3981071705535034,0.0
0.0735,0.6309573444802034,0.0
0.0872,1e-08,4.251097848798369e-12
0.0872,1.5848931924611143e-08,2.68225792327023e-11
0.0872,2.511886431509582e-08,1.6923848107111178e-10
0.0872,3.9810717055349776e-08,1.0678138683209852e-09
0.0872,6.309573444801943e-08,6.737311230224971e-09
0.0872,1.0000000000000021e-07,4.2507360342225326e-08
0.0872,1.5848931924611173e-07,2.681684534993475e-07
0.0872,2.5118864315095876e-07,1.69147624728673e-06
0.0872,3.9810717055349856e-07,1.0663746711890931e-05
0.0872,6.309573444801956e-07,6.71453245482048e-05
0.0872,1.0000000000000042e-06,0.00042147569235730954
0.0872,1.5848931924611206e-06,0.0026251459974309475
0.0872,2.5118864315095924e-06,0.016037542102162274
0.0872,3.981071705534994e-06,0.09344391019885444
0.0872,6.309573444801969e-06,0.48696390102818826
0.0872,1.0000000000000062e-05,2.001849153710523
0.0872,1.584893192461124e-05,5.584383276118951
0.0872,2.5118864315095974e-05,10.560888082076984
0.0872,3.981071705535002e-05,15.769705234350074
0.0872,6.309573444801982e-05,19.04582853269844
0.0872,0.00010000000000000082,11.573498804211296
0.0872,0.00015848931924611272,1.4118916156955525
0.0872,0.0002511886431509603,0.004375408794404859
0.0872,0.000398107170553501,2.2133286599140035e-09
0.0872,0.0006309573444801995,5.890484241067538e-25
0.0872,0.0010000000000000102,9.256196544931034e-64
0.0872,0.0015848931924611303,4.054161369708537e-161
0.0872,0.002511886431509608,0.0
0.0872,0.0039810717055350185,0.0
0.0872,0.0063095734448020075,0.0
0.0872,0.010000000000000123,0.0
0.0872,0.015848931924611336,0.0
0.0872,0.02511886431509613,0.0
0.0872,0.03981071705535026,0.0
0.0872,0.0630957344480202,0.0
0.0872,0.10000000000000143,0.0
0.0872,0.15848931924611367,0.0
0.0872,0.2511886431509618,0.0
0.0872,0.3981071705535034,0.0
0.0872,0.6309573444802034,0.0
0.1036,1e-08,2.3236033443291545e-12
0.1036,1.5848931924611143e-08,1.4660927525845187e-11
0.1036,2.511886431509582e-08,9.250390686988876e-11
0.1036,3.9810717055349776e-08,5.836555645177236e-10
0.1036,6.309573444801943e-08,3.6825442746275926e-09
0.1036,1.0000000000000021e-07,2.323412068489513e-08
0.1036,1.5848931924611173e-07,1.4657896264581662e-07
0.1036,2.5118864315095876e-07,9.245587482598513e-07
0.1036,3.9810717055349856e-07,5.828947141399089e-06
0.1036,6.309573444801956e-07,3.670501757391979e-05
0.1036,1.0000000000000042e-06,0.00023043900229334824
0.1036,1.5848931924611206e-06,0.0014358944471025822
0.1036,2.5118864315095924e-06,0.008781618034861164
0.1036,3.981071705534994e-06,0.051306375539817636
0.1036,6.309573444801969e-06,0.26923934614615547
0.1036,1.0000000000000062e-05,1.1267814335121955
0.1036,1.584893192461124e-05,3.281927018750111
0.1036,2.5118864315095974e-05,6.657643587880284
0.1036,3.981071705535002e-05,9.98320922411163
0.1036,6.309573444801982e-05,10.14124621756788
0.1036,0.00010000000000000082,4.042064650251138
0.1036,0.00015848931924611272,0.1805057679853325
0.1036,0.0002511886431509603,5.135040897267565e-05
0.1036,0.000398107170553501,7.31123764320092e-14
0.1036,0.0006309573444801995,7.749400903120529e-36
0.1036,0.0010000000000000102,1.6379966630754831e-90
0.1036,0.0015848931924611303,2.1349794203124617e-227
0.1036,0.002511886431509608,0.0
0.1036,0.0039810717055350185,0.0
0.1036,0.0063095734448020075,0.0
0.1036,0.010000000000000123,0.0
0.1036,0.015848931924611336,0.0
0.1036,0.02511886431509613,0.0
0.1036,0.03981071705535026,0.0
0.1036,0.0630957344480202,0.0
0.1036,0.10000000000000143,0.0
0.1036,0.15848931924611367,0.0
0.1036,0.2511886431509618,0.0
0.1036,0.3981071705535034,0.0
0.1036,0.6309573444802034,0.0
0.123,1e-08,1.2261664483839833e-12
0.123,1.5848931924611143e-08,7.736578083041293e-12
0.123,2.511886431509582e-08,4.881436215594295e-11
0.123,3.9810717055349776e-08,3.0799549764943796e-10
0.123,6.309573444801943e-08,1.9432836734869562e-09
0.123,1.0000000000000021e-07,1.2260711974637028e-08
0.123,1.5848931924611173e-07,7.735068582211343e-08
0.123,2.5118864315095876e-07,4.879044313640307e-07
0.123,3.9810717055349856e-07,3.0761660394189315e-06
0.123,6.309573444801956e-07,1.9372864526787232e-05
0.123,1.0000000000000042e-06,0.00012165973430949013
0.123,1.5848931924611206e-06,0.0007586145252798513
0.123,2.5118864315095924e-06,0.004647794577856451
0.123,3.981071705534994e-06,0.02727658824640455
0.123,6.309573444801969e-06,0.1447570065033908
0.123,1.0000000000000062e-05,0.6226074742032798
0.123,1.584893192461124e-05,1.9162854707549195
0.123,2.5118864315095974e-05,4.0945287656453475
0.123,3.981071705535002e-05,5.790245372638722
0.123,6.309573444801982e-05,4.607396377200838
0.123,0.00010000000000000082,1.03111890781638
0.123,0.00015848931924611272,0.01176166984373495
0.123,0.0002511886431509603,1.188839538896283e-07
0.123,0.000398107170553501,4.4599598485211407e-20
0.123,0.0006309573444801995,5.702540400081043e-51
0.123,0.0010000000000000102,3.361773392159237e-128
0.123,0.0015848931924611303,0.0
0.123,0.002511886431509608,0.0
0.123,0.0039810717055350185,0.0
0.123,0.0063095734448020075,0.0
0.123,0.010000000000000123,0.0
0.123,0.015848931924611336,0.0
0.123,0.02511886431509613,0.0
0.123,0.03981071705535026,0.0
0.123,0.0630957344480202,0.0
0.123,0.10000000000000143,0.0
0.123,0.15848931924611367,0.0
0.123,0.2511886431509618,0.0
0.123,0.3981071705535034,0.0
0.123,0.6309573444802034,0.0
0.146,1e-08,6.179880525273488e-13
0.146,1.5848931924611143e-08,3.899236825488887e-12
0.146,2.511886431509582e-08,2.4602454881701475e-11
0.146,3.9810717055349776e-08,1.5522994605508058e-10
0.146,6.309573444801943e-08,9.794181052675562e-10
0.146,1.0000000000000021e-07,6.179446750214002e-09
0.146,1.5848931924611173e-07,3.8985493915717965e-08
0.146,2.5118864315095876e-07,2.4591561906434836e-07
0.146,3.9810717055349856e-07,1.550573883088539e-06
0.146,6.309573444801956e-07,9.76686599857359e-06
0.146,1.0000000000000042e-06,6.136288239177422e-05
0.146,1.5848931924611206e-06,0.00038306724497258525
0.146,2.5118864315095924e-06,0.002353622957351233
0.146,3.981071705534994e-06,0.013910320509898561
0.146,6.309573444801969e-06,0.07508137621675551
0.146,1.0000000000000062e-05,0.33504874348528335
0.146,1.584893192461124e-05,1.0905461967339232
0.146,2.5118864315095974e-05,2.361689986081726
0.146,3.981071705535002e-05,2.9846053208191017
0.146,6.309573444801982e-05,1.7177949511654118
0.146,0.00010000000000000082,0.17485349303800254
0.146,0.00015848931924611272,0.0002974334142455634
0.146,0.0002511886431509603,2.746892278520311e-11
0.146,0.000398107170553501,8.259179815235365e-29
0.146,0.0006309573444801995,1.5857854333213544e-72
0.146,0.0010000000000000102,4.8656487685844886e-182
0.146,0.0015848931924611303,0.0
0.146,0.002511886431509608,0.0
0.146,0.0039810717055350185,0.0
0.146,0.0063095734448020075,0.0
0.146,0.010000000000000123,0.0
0.146,0.015848931924611336,0.0
0.146,0.02511886431509613,0.0
0.146,0.03981071705535026,0.0
0.146,0.0630957344480202,0.0
0.146,0.10000000000000143,0.0
0.146,0.15848931924611367,0.0
0.146,0.2511886431509618,0.0
0.146,0.3981071705535034,0.0
0.146,0.6309573444802034,0.0
0.1733,1e-08,3.091829729491092e-13
0.1733,1.5848931924611143e-08,1.950810780707431e-12
0.1733,2.511886431509582e-08,1.2308753864162962e-11
0.1733,3.9810717055349776e-08,7.766251052203192e-11
0.1733,6.309573444801943e-08,4.900097701041538e-10
0.1733,1.0000000000000021e-07,3.091633074334675e-09
0.1733,1.5848931924611173e-07,1.9504991251390934e-08
0.1733,2.5118864315095876e-07,1.230381532606327e-07
0.1733,3.9810717055349856e-07,7.758427457711818e-07
0.1733,6.309573444801956e-07,4.887711900040498e-06
0.1733,1.0000000000000042e-06,3.072057509867851e-05
0.1733,1.5848931924611206e-06,0.0001919689605724368
0.1733,2.5118864315095924e-06,0.0011823932595500313
0.1733,3.981071705534994e-06,0.007029741879613266
0.1733,6.309573444801969e-06,0.03845265309245538
0.1733,1.0000000000000062e-05,0.17576956516907644
0.1733,1.584893192461124e-05,0.581158502774304
0.1733,2.5118864315095974e-05,1.1875742001086491
0.1733,3.981071705535002e-05,1.2536599453538684
0.1733,6.309573444801982e-05,0.45607602281097315
0.1733,0.00010000000000000082,0.014969028650394815
0.1733,0.00015848931924611272,1.6423156933945833e-06
0.1733,0.0002511886431509603,1.8180049189242944e-16
0.1733,0.000398107170553501,3.06295505274262e-41
0.1733,0.0006309573444801995,5.370091649381303e-103
0.1733,0.0010000000000000102,1.5441610281710254e-257
0.1733,0.0015848931924611303,0.0
0.1733,0.002511886431509608,0.0
0.1733,0.0039810717055350185,0.0
0.1733,0.0063095734448020075,0.0
0.1733,0.010000000000000123,0.0
0.1733,0.015848931924611336,0.0
0.1733,0.02511886431509613,0.0
0.1733,0.03981071705535026,0.0
0.1733,0.0630957344480202,0.0
0.1733,0.10000000000000143,0.0
0.1733,0.15848931924611367,0.0
0.1733,0.2511886431509618,0.0
0.1733,0.3981071705535034,0.0
0.1733,0.6309573444802034,0.0
0.2057,1e-08,1.463063986619609e-13
0.2057,1.5848931924611143e-08,9.231301199174733e-13
0.2057,2.511886431509582e-08,5.82454385268929e-12
0.2057,3.9810717055349776e-08,3.6750174243634255e-11
0.2057,6.309573444801943e-08,2.3187454808121847e-10
0.2057,1.0000000000000021e-07,1.4629759961476625e-09
0.2057,1.5848931924611173e-07,9.229906730415672e-09
0.2057,2.5118864315095876e-07,5.822334111910799e-08
0.2057,3.9810717055349856e-07,3.671516587189556e-07
0.2057,6.309573444801956e-07,2.3132024596850517e-06
0.2057,1.0000000000000042e-06,1.454212464102e-05
0.2057,1.5848931924611206e-06,9.091866613673868e-05
0.2057,2.5118864315095924e-06,0.0005606890280768454
0.2057,3.981071705534994e-06,0.0033427735622060598
0.2057,6.309573444801969e-06,0.018376987932333166
0.2057,1.0000000000000062e-05,0.08419800252051862
0.2057,1.584893192461124e-05,0.26995233478157127
0.2057,2.5118864315095974e-05,0.49309679728026207
0.2057,3.981071705535002e-05,0.4110797897238779
0.2057,6.309573444801982e-05,0.07954580739957878
0.2057,0.00010000000000000082,0.0005343345297556106
0.2057,0.00015848931924611272,1.206385490908985e-09
0.2057,0.0002511886431509603,9.04774766467674e-24
0.2057,0.000398107170553501,6.042131845406975e-59
0.2057,0.0006309573444801995,9.124483203965066e-147
0.2057,0.0010000000000000102,0.0
0.2057,0.0015848931924611303,0.0
0.2057,0.002511886431509608,0.0
0.2057,0.0039810717055350185,0.0
0.2057,0.0063095734448020075,0.0
0.2057,0.010000000000000123,0.0
0.2057,0.015848931924611336,0.0
0.2057,0.02511886431509613,0.0
0.2057,0.03981071705535026,0.0
0.2057,0.0630957344480202,0.0
0.2057,0.10000000000000143,0.0
0.2057,0.15848931924611367,0.0
0.2057,0.2511886431509618,0.0
0.2057,0.3981071705535034,0.0
0.2057,0.6309573444802034,0.0
0.2443,1e-08,5.66472243213321e-14
0.2443,1.5848931924611143e-08,3.5741945819443656e-13
0.2443,2.511886431509582e-08,2.2551585514096893e-12
0.2443,3.9810717055349776e-08,1.4228997051356571e-11
0.2443,6.309573444801943e-08,8.977745244297966e-11
0.2443,1.0000000000000021e-07,5.664344576747608e-10
0.2443,1.5848931924611173e-07,3.573595759371921e-09
0.2443,2.5118864315095876e-07,2.25420963229381e-08
0.2443,3.9810717055349856e-07,1.4213963693907592e-07
0.2443,6.309573444801956e-07,8.953942827706877e-07
0.2443,1.0000000000000042e-06,5.626714982246761e-06
0.2443,1.5848931924611206e-06,3.5143313461836226e-05
0.2443,2.5118864315095924e-06,0.0002161747994065078
0.2443,3.981071705534994e-06,0.0012804537320521745
0.2443,6.309573444801969e-06,0.006921443501289645
0.2443,1.0000000000000062e-05,0.03034431381294098
0.2443,1.584893192461124e-05,0.0876636687985529
0.2443,2.5118864315095974e-05,0.13375358316509892
0.2443,3.981071705535002e-05,0.07916375230233169
0.2443,6.309573444801982e-05,0.006147207489483293
0.2443,0.00010000000000000082,4.092270798736649e-06
0.2443,0.00015848931924611272,2.9885525560827815e-14
0.2443,0.0002511886431509603,1.4129623731484728e-34
0.2443,0.000398107170553501,2.730858299911252e-85
0.2443,0.0006309573444801995,5.109703584646718e-212
0.2443,0.0010000000000000102,0.0
0.2443,0.0015848931924611303,0.0
0.2443,0.002511886431509608,0.0
0.2443,0.0039810717055350185,0.0
0.2443,0.0063095734448020075,0.0
0.2443,0.010000000000000123,0.0
0.2443,0.015848931924611336,0.0
0.2443,0.02511886431509613,0.0
0.2443,0.03981071705535026,0.0
0.2443,0.0630957344480202,0.0
0.2443,0.10000000000000143,0.0
0.2443,0.15848931924611367,0.0
0.2443,0.2511886431509618,0.0
0.2443,0.3981071705535034,0.0
0.2443,0.6309573444802034,0.0
0.29,1e-08,3.0141031590346264e-15
0.29,1.5848931924611143e-08,1.9017680565710847e-14
0.29,2.511886431509582e-08,1.1999306102663078e-13
0.29,3.9810717055349776e-08,7.570988305226212e-13
0.29,6.309573444801943e-08,4.776872400337938e-12
0.29,1.0000000000000021e-07,3.01384697468661e-11
0.29,1.5848931924611173e-07,1.9013620635463595e-10
0.29,2.5118864315095876e-07,1.1992872812761308e-09
0.29,3.9810717055349856e-07,7.5607972649497e-09
0.29,6.309573444801956e-07,4.7607407174744616e-08
0.29,1.0000000000000042e-06,2.9883594565830633e-07
0.29,1.5848931924611206e-06,1.86128094198419e-06
0.29,2.5118864315095924e-06,1.1369876993669021e-05
0.29,3.981071705534994e-06,6.619797358002845e-05
0.29,6.309573444801969e-06,0.00034327336330182905
0.29,1.0000000000000062e-05,0.001370636599760944
0.29,1.584893192461124e-05,0.0033317277123023304
0.29,2.5118864315095974e-05,0.003968872291803731
0.29,3.981071705535002e-05,0.001396657077848671
0.29,6.309573444801982e-05,2.638791586805581e-05
0.29,0.00010000000000000082,3.9135217004243426e-10
0.29,0.00015848931924611272,1.7048099408610702e-22
0.29,0.0002511886431509603,2.2506116534975333e-53
0.29,0.000398107170553501,1.8601278699590824e-130
0.29,0.0006309573444801995,0.0
0.29,0.0010000000000000102,0.0
0.29,0.0015848931924611303,0.0
0.29,0.002511886431509608,0.0
0.29,0.0039810717055350185,0.0
0.29,0.0063095734448020075,0.0
0.29,0.010000000000000123,0.0
0.29,0.015848931924611336,0.0
0.29,0.02511886431509613,0.0
0.29,0.03981071705535026,0.0
0.29,0.0630957344480202,0.0
0.29,0.10000000000000143,0.0
0.29,0.15848931924611367,0.0
0.29,0.2511886431509618,0.0
0.29,0.3981071705535034,0.0
0.29,0.6309573444802034,0.0
